<?xml version="1.0" encoding="UTF-8"?>
<project-private xmlns="http://www.netbeans.org/ns/project-private/1">
    <editor-bookmarks xmlns="http://www.netbeans.org/ns/editor-bookmarks/2" lastBookmarkId="0"/>
    <open-files xmlns="http://www.netbeans.org/ns/projectui-open-files/2">
        <group>
            <file>file:/C:/Users/aliasgar/Desktop/AED/RCM_System/12/rcm1/src/Business/UserAccount/UserAccountDirectory.java</file>
            <file>file:/C:/Users/aliasgar/Desktop/AED/RCM_System/12/rcm1/src/Business/Employee/Employee.java</file>
            <file>file:/C:/Users/aliasgar/Desktop/AED/RCM_System/12/rcm1/src/userinterface/FedralAdmin/SystemAdminWorkAreaJPanel.java</file>
            <file>file:/C:/Users/aliasgar/Desktop/AED/RCM_System/12/rcm1/src/userinterface/UserAccount/ViewDataPanel.java</file>
            <file>file:/C:/Users/aliasgar/Desktop/AED/RCM_System/12/rcm1/src/Business/EcoSystem.java</file>
            <file>file:/C:/Users/aliasgar/Desktop/AED/RCM_System/12/rcm1/src/Business/Employee/UserDetails.java</file>
            <file>file:/C:/Users/aliasgar/Desktop/AED/RCM_System/12/rcm1/src/Business/CorporationAdmin/EnterpriseAdmin.java</file>
            <file>file:/C:/Users/aliasgar/Desktop/AED/RCM_System/12/rcm1/src/Business/State/State.java</file>
            <file>file:/C:/Users/aliasgar/Desktop/AED/RCM_System/12/rcm1/src/Business/ConfigureASystem.java</file>
            <file>file:/C:/Users/aliasgar/Desktop/AED/RCM_System/12/rcm1/src/Business/Role/FedralAdminRole.java</file>
            <file>file:/C:/Users/aliasgar/Desktop/AED/RCM_System/12/rcm1/src/userinterface/FedralAdmin/ManageCityAdminJPanel.java</file>
            <file>file:/C:/Users/aliasgar/Desktop/AED/RCM_System/12/rcm1/src/userinterface/FedralAdmin/ReportsJPanel.java</file>
            <file>file:/C:/Users/aliasgar/Desktop/AED/RCM_System/12/rcm1/src/userinterface/UserAccount/BillPaymentsPanel.java</file>
            <file>file:/C:/Users/aliasgar/Desktop/AED/RCM_System/12/rcm1/src/Business/Role/AdminRole.java</file>
            <file>file:/C:/Users/aliasgar/Desktop/AED/RCM_System/12/rcm1/src/userinterface/UserAccount/CurrentStatusPanel.java</file>
            <file>file:/C:/Users/aliasgar/Desktop/AED/RCM_System/12/rcm1/src/userinterface/FedralAdmin/SetGuidelinesPanel.java</file>
            <file>file:/C:/Users/aliasgar/Desktop/AED/RCM_System/12/rcm1/src/userinterface/CityAdmin/AdminWorkAreaJPanel.java</file>
            <file>file:/C:/Users/aliasgar/Desktop/AED/RCM_System/12/rcm1/src/userinterface/FedralAdmin/ViewAdminsPanel.java</file>
            <file>file:/C:/Users/aliasgar/Desktop/AED/RCM_System/12/rcm1/src/Business/CorporationAdmin/Appliance.java</file>
            <file>file:/C:/Users/aliasgar/Desktop/AED/RCM_System/12/rcm1/src/Business/Threshold.java</file>
            <file>file:/C:/Users/aliasgar/Desktop/AED/RCM_System/12/rcm1/src/Business/UserAccount/UserAccount.java</file>
            <file>file:/C:/Users/aliasgar/Desktop/AED/RCM_System/12/rcm1/src/userinterface/CityAdmin/WorkRequestPanel.java</file>
            <file>file:/C:/Users/aliasgar/Desktop/AED/RCM_System/12/rcm1/src/userinterface/UserAccount/RequestsPanel.java</file>
            <file>file:/C:/Users/aliasgar/Desktop/AED/RCM_System/12/rcm1/src/Business/Corporation/EnterpriseDirectory.java</file>
            <file>file:/C:/Users/aliasgar/Desktop/AED/RCM_System/12/rcm1/src/userinterface/UserAccount/UserSignupPanel.java</file>
            <file>file:/C:/Users/aliasgar/Desktop/AED/RCM_System/12/rcm1/src/Business/Employee/EmployeeDirectory.java</file>
            <file>file:/C:/Users/aliasgar/Desktop/AED/RCM_System/12/rcm1/src/userinterface/UserAccount/ManageAppliancesPanel.java</file>
            <file>file:/C:/Users/aliasgar/Desktop/AED/RCM_System/12/rcm1/src/Business/CorporationAdmin/Usage.java</file>
            <file>file:/C:/Users/aliasgar/Desktop/AED/RCM_System/12/rcm1/src/Business/Corporation/Enterprise.java</file>
            <file>file:/C:/Users/aliasgar/Desktop/AED/RCM_System/12/rcm1/src/userinterface/CityAdmin/ManageUsersPanel.java</file>
            <file>file:/C:/Users/aliasgar/Desktop/AED/RCM_System/12/rcm1/src/userinterface/CityAdmin/ViewUsersPanel.java</file>
            <file>file:/C:/Users/aliasgar/Desktop/AED/RCM_System/12/rcm1/src/Business/CorporationAdmin/Meter.java</file>
            <file>file:/C:/Users/aliasgar/Desktop/AED/RCM_System/12/rcm1/src/Business/Corporation/WaterEnterprise.java</file>
            <file>file:/C:/Users/aliasgar/Desktop/AED/RCM_System/12/rcm1/src/Business/DB4OUtil/DB4OUtil.java</file>
            <file>file:/C:/Users/aliasgar/Desktop/AED/RCM_System/12/rcm1/src/Business/Role/CityAdminRole.java</file>
            <file>file:/C:/Users/aliasgar/Desktop/AED/RCM_System/12/rcm1/src/Business/City/CityDirectory.java</file>
            <file>file:/C:/Users/aliasgar/Desktop/AED/RCM_System/12/rcm1/src/userinterface/UserAccount/UsersMainPagePanel.java</file>
            <file>file:/C:/Users/aliasgar/Desktop/AED/RCM_System/12/rcm1/src/Business/City/HospitalCity.java</file>
            <file>file:/C:/Users/aliasgar/Desktop/AED/RCM_System/12/rcm1/src/Business/WorkQueue/UserIssueRequest.java</file>
            <file>file:/C:/Users/aliasgar/Desktop/AED/RCM_System/12/rcm1/src/Business/WorkQueue/BillRequest.java</file>
            <file>file:/C:/Users/aliasgar/Desktop/AED/RCM_System/12/rcm1/src/Business/Corporation/GasEnterprise.java</file>
            <file>file:/C:/Users/aliasgar/Desktop/AED/RCM_System/12/rcm1/src/userinterface/MainJFrame.java</file>
            <file>file:/C:/Users/aliasgar/Desktop/AED/RCM_System/12/rcm1/src/userinterface/FedralAdmin/ManageStateJPanel.java</file>
            <file>file:/C:/Users/aliasgar/Desktop/AED/RCM_System/12/rcm1/src/Business/WorkQueue/WorkQueue.java</file>
            <file>file:/C:/Users/aliasgar/Desktop/AED/RCM_System/12/rcm1/src/Business/City/City.java</file>
            <file>file:/C:/Users/aliasgar/Desktop/AED/RCM_System/12/rcm1/src/Business/Role/Role.java</file>
            <file>file:/C:/Users/aliasgar/Desktop/AED/RCM_System/12/rcm1/src/Business/Role/SystemAdminRole.java</file>
            <file>file:/C:/Users/aliasgar/Desktop/AED/RCM_System/12/rcm1/src/Business/Corporation/ElectricityEnterprise.java</file>
            <file>file:/C:/Users/aliasgar/Desktop/AED/RCM_System/12/rcm1/src/Business/WorkQueue/UserSignupRequest.java</file>
            <file>file:/C:/Users/aliasgar/Desktop/AED/RCM_System/12/rcm1/src/Business/Role/UserRole.java</file>
            <file>file:/C:/Users/aliasgar/Desktop/AED/RCM_System/12/rcm1/src/Business/WorkQueue/WorkRequest.java</file>
            <file>file:/C:/Users/aliasgar/Desktop/AED/RCM_System/12/rcm1/src/Business/CorporationAdmin/Bill.java</file>
            <file>file:/C:/Users/aliasgar/Desktop/AED/RCM_System/12/rcm1/src/Business/Employee/UserDetailsDirectory.java</file>
            <file>file:/C:/Users/aliasgar/Desktop/AED/RCM_System/12/rcm1/src/userinterface/CityAdmin/GenerateBillsPanel.java</file>
            <file>file:/C:/Users/aliasgar/Desktop/AED/RCM_System/12/rcm1/src/userinterface/FedralAdmin/ManageCityJPanel.java</file>
        </group>
    </open-files>
</project-private>
